feature,importance
late_days,16.75974059822238
delivery_vs_estimate_days,15.421615545014776
n_items,11.204520546840168
delivery_time_days,7.087829118591815
primary_product_category,4.688735901979341
primary_seller_city,4.136669574542491
carrier_pickup_delay_days,3.7093756159644076
customer_city,2.870807012055477
n_distinct_sellers,2.797333372167291
promised_delivery_days,2.349512837267023
shipping_transit_days,2.2004544273502367
total_freight,2.0168482425890324
customer_state,1.9627561608621436
approval_delay_days,1.867250419294444
max_product_volume_cm3,1.8277949478184567
purchase_month,1.7628957667171155
n_distinct_products,1.6033517899547456
avg_product_volume_cm3,1.560088447590991
avg_item_price,1.3751799109882865
total_price,1.2997446959632772
freight_to_price_ratio,1.2599762728326744
avg_freight_per_item,1.1723022526147504
primary_seller_state,1.1459088929953665
purchase_hour,1.0846082563848387
total_payment_value,1.074746569810767
primary_payment_type,1.0329696178280878
max_product_weight_g,1.0268299023912655
n_payment_installments,0.8114006789309376
avg_product_weight_g,0.7968271148352908
early_days,0.6629806338446288
purchase_day_of_week,0.5585006210304082
delivered_late,0.4465555475001828
n_product_categories,0.18507396035874682
same_customer_seller_state,0.15996347338003236
is_weekend,0.06880297447747716
n_payment_methods,0.010048299010604377
carrier_timestamp_anomaly,0.0
