dbscan_cluster,size,negative_review_rate,late_rate,avg_delivery_days,avg_n_items,share
0,84729,0.11003316455994996,0.0780488380601683,12.363245116210376,1.0,0.8842148104858908
1,6464,0.23978960396039603,0.04857673267326733,10.966766382041849,2.0,0.06745700450826515
-1,3494,0.3291356611333715,0.20463651974813968,19.592993044292864,2.4524899828277045,0.03646268158290199
2,714,0.2647058823529412,0.0196078431372549,10.290890895710136,3.0,0.007451160460844882
3,249,0.040160642570281124,0.020080321285140562,13.143404265208984,1.0,0.002598513942227417
4,98,0.29591836734693877,0.0,10.095033659297052,4.0,0.0010227082985473368
6,39,0.23076923076923078,0.0,9.584721331908833,5.769230769230769,0.00040699615962598096
7,20,0.35,0.0,16.643583333333332,3.0,0.00020871597929537485
5,17,0.29411764705882354,0.0,12.800723039215686,4.0,0.00017740858240106864
