order_id,actual_review_bad,delivery_probability,delivery_prediction,delivery_threshold
31e20f393d978aab31a2c05963f156a3,0,0.9572500268288099,1,0.24392329008708524
cfbc27fc3b0b3946a3dea53be0022108,1,0.9462356822102534,1,0.24392329008708524
985dbac2172bbf6b32bcca35da50d7a0,1,0.9447773286061565,1,0.24392329008708524
d8734ba226623cf1c86b3cce8cbffa78,1,0.9366576136922046,1,0.24392329008708524
88096595631e8d26b658306256e3ce34,1,0.9288602006576195,1,0.24392329008708524
9b4ea4ff8f51f91557fd6448e909cf81,1,0.9274874615361318,1,0.24392329008708524
db594d5ffa3060a8a682a7057a904f29,0,0.9241552865235427,1,0.24392329008708524
8cb5fe50fcb1a1155fa2f27857895eaf,0,0.9234351782861044,1,0.24392329008708524
4f3f48cbedce0c316c688af6fc7e9c56,1,0.9210060962127048,1,0.24392329008708524
5dd868edea4ee3363563534cd18187f1,1,0.9201048646846955,1,0.24392329008708524
3dbf60040199f502ec5dd67f86b804ab,1,0.9141348657919519,1,0.24392329008708524
6581c3a6471126317f93733a373b0eaf,1,0.9136111717996246,1,0.24392329008708524
bc6f0d20151b72e478b552a053707ec6,1,0.9088831908824055,1,0.24392329008708524
cdeec5de39a62045ad7edd0f00cc8858,1,0.9085577612857358,1,0.24392329008708524
302e20550af8f4aa30223f3cabcc14c0,1,0.9068578251530602,1,0.24392329008708524
4f2499fee2bfca0fbbf9a76a31da4128,1,0.9055846590482063,1,0.24392329008708524
67b5c82e01dc9ea4d82fbd3d51e41bae,1,0.900657676730195,1,0.24392329008708524
6c6f13dc40d95be45c76aad771245a15,1,0.8997411436868666,1,0.24392329008708524
98e84c5fef5422dde7fa1927c43adab0,1,0.8982462833651769,1,0.24392329008708524
99c8af04316c292e23ca57d8917db2ad,1,0.893661554676739,1,0.24392329008708524
