order_id,actual_review_bad,placement_probability,placement_prediction,placement_threshold
8574762135a91d4e44956dadbaacdd0c,0,0.8987822474579212,1,0.14219516116989367
72e0f9322488f1699387c833d459d87b,1,0.8616509960487722,1,0.14219516116989367
fdeb8e2ed51d3a12a9d6c27a2f70e255,0,0.8494821185975139,1,0.14219516116989367
669680ec0096baf96bb966401209e3f3,0,0.8489556610518884,1,0.14219516116989367
e5d8cfa5be1c79663c3c10804a02a372,1,0.8469689507955563,1,0.14219516116989367
9b4ea4ff8f51f91557fd6448e909cf81,1,0.8466043034793233,1,0.14219516116989367
bb44d0c37f5fcc456bbaefd9aef6adb8,1,0.8384189554503668,1,0.14219516116989367
32d56cb1bbbd589167889e0c84057efe,0,0.837186031433265,1,0.14219516116989367
91866c79939321e63218d7b71b2b26f8,0,0.8224176942981853,1,0.14219516116989367
0dca3fc331e8c1be1dd82ecb2689f3af,0,0.814585089607827,1,0.14219516116989367
110f6ca5866b291c8689e08bebf7f8f8,1,0.8087680537066386,1,0.14219516116989367
bba3ea9fc64e1b3a64a4c0a5dd38b005,0,0.8048745328038485,1,0.14219516116989367
b296bc0dc4e73e99c3f6196a1b97b9aa,0,0.8001534491299936,1,0.14219516116989367
40e0f6a96881e259b2be8697beab436c,1,0.7971786958375306,1,0.14219516116989367
99c8af04316c292e23ca57d8917db2ad,1,0.7926565228399605,1,0.14219516116989367
b23dfa1c97d08f8d2017e85dbdc5b1aa,0,0.7903021863695358,1,0.14219516116989367
e11d8c8f1891edccae172ab330782a34,0,0.7883000261472409,1,0.14219516116989367
31e20f393d978aab31a2c05963f156a3,0,0.7858332508179048,1,0.14219516116989367
043d31a14bff24ead2b38f6b84a10437,0,0.7850690777123647,1,0.14219516116989367
084051935208c688c8cd5fae3d15810d,0,0.7788509261156974,1,0.14219516116989367
