stage,risk_decile,orders,avg_score,negative_review_rate,negative_reviews
At Placement,1,1917,0.40027390457593803,0.29577464788732394,567
At Placement,2,1916,0.2166394383948727,0.1873695198329854,359
At Placement,3,1917,0.1544216297143762,0.15753781950965048,302
At Placement,4,1916,0.118652796108943,0.1315240083507307,252
At Placement,5,1916,0.0940156869665907,0.10542797494780794,202
At Placement,6,1917,0.07488204039128551,0.10589462702138759,203
At Placement,7,1916,0.059281143833669454,0.09237995824634655,177
At Placement,8,1917,0.04536010567114629,0.07407407407407407,142
At Placement,9,1916,0.03267964733146711,0.08037578288100208,154
At Placement,10,1917,0.018478864770046573,0.050078247261345854,96
At Delivery,1,1917,0.5634923095922094,0.5586854460093896,1071
At Delivery,2,1916,0.17150070649428922,0.18319415448851775,351
At Delivery,3,1917,0.1104351536101969,0.107981220657277,207
At Delivery,4,1916,0.09008636529754516,0.087160751565762,167
At Delivery,5,1916,0.07795561053371429,0.08350730688935282,160
At Delivery,6,1917,0.06930304291892501,0.0594679186228482,114
At Delivery,7,1916,0.0627128288765469,0.05167014613778706,99
At Delivery,8,1917,0.05721239336239367,0.056338028169014086,108
At Delivery,9,1916,0.05203155988707957,0.054279749478079335,104
At Delivery,10,1917,0.04472855584776241,0.03808033385498174,73
