stage,false_positive_cost_units,false_negative_cost_units,threshold,tp,fp,fn,tn,normalized_total_cost,cost_units_per_1000_orders
At Placement,1,1,0.1421951611698936,1160,4148,1294,12563,5442,283.955126532742
At Placement,1,2,0.1421951611698936,1160,4148,1294,12563,6736,351.4740412209758
At Placement,1,5,0.1421951611698936,1160,4148,1294,12563,10618,554.0307852856771
At Placement,1,10,0.1421951611698936,1160,4148,1294,12563,17088,891.6253587268458
At Placement,1,20,0.1421951611698936,1160,4148,1294,12563,30028,1566.8145056091832
At Delivery,1,1,0.2439232900870852,1058,816,1396,15895,2212,115.41873206365771
At Delivery,1,2,0.2439232900870852,1058,816,1396,15895,3608,188.25984868249412
At Delivery,1,5,0.2439232900870852,1058,816,1396,15895,7796,406.7831985390034
At Delivery,1,10,0.2439232900870852,1058,816,1396,15895,14776,770.9887816331856
At Delivery,1,20,0.2439232900870852,1058,816,1396,15895,28736,1499.3999478215496
